,epoch_loss,epoch_acc,epoch_test_loss
0,1.556025591763583,47.43888888888889,1.4963551483709703
