,epoch_loss,epoch_acc,epoch_test_loss
0,1.5557841397821903,50.61111111111111,1.3658206322738393
