,epoch_loss,epoch_acc,epoch_test_loss
0,1.5621015739373185,48.49888888888889,1.4121387746100398
